{
  "last_node_id": 10,
  "last_link_id": 12,
  "nodes": [
    {
      "id": 1,
      "type": "LRDiffusionEngineLoader",
      "pos": [100, 100],
      "size": [320, 220],
      "flags": {},
      "order": 0,
      "mode": 0,
      "outputs": [
        {
          "name": "model",
          "type": "MODEL",
          "links": [1],
          "shape": 3,
          "slot_index": 0
        }
      ],
      "properties": {},
      "widgets_values": [512, 512, false, true, false, true]
    },
    {
      "id": 2,
      "type": "LREmbeddingsMixer",
      "pos": [100, 350],
      "size": [400, 200],
      "flags": {},
      "order": 1,
      "mode": 0,
      "outputs": [
        {
          "name": "conditioning",
          "type": "CONDITIONING",
          "links": [2],
          "shape": 3,
          "slot_index": 0
        }
      ],
      "properties": {},
      "widgets_values": ["a red sphere", "", 1, 1, 1]
    },
    {
      "id": 3,
      "type": "ControlNetNode",
      "pos": [100, 600],
      "size": [320, 140],
      "flags": {},
      "order": 2,
      "mode": 0,
      "inputs": [
        {
          "name": "control_image",
          "type": "IMAGE",
          "link": 3
        }
      ],
      "outputs": [
        {
          "name": "controlnet_params",
          "type": "CONTROLNET_PARAMS",
          "links": [4],
          "shape": 3,
          "slot_index": 0
        }
      ],
      "properties": {},
      "widgets_values": ["depth", 0.8, true]
    },
    {
      "id": 4,
      "type": "EmptyLatentImage",
      "pos": [100, 800],
      "size": [320, 110],
      "flags": {},
      "order": 3,
      "mode": 0,
      "outputs": [
        {
          "name": "LATENT",
          "type": "LATENT",
          "links": [5],
          "shape": 3,
          "slot_index": 0
        }
      ],
      "properties": {},
      "widgets_values": [512, 512, 1]
    },
    {
      "id": 5,
      "type": "LoadImage",
      "pos": [500, 600],
      "size": [320, 314],
      "flags": {},
      "order": 4,
      "mode": 0,
      "outputs": [
        {
          "name": "IMAGE",
          "type": "IMAGE",
          "links": [3],
          "shape": 3,
          "slot_index": 0
        },
        {
          "name": "MASK",
          "type": "MASK",
          "links": null,
          "shape": 3
        }
      ],
      "properties": {},
      "widgets_values": ["sphere_depth.png"]
    },
    {
      "id": 6,
      "type": "LRDiffusionEngineAcid",
      "pos": [850, 100],
      "size": [400, 600],
      "flags": {},
      "order": 5,
      "mode": 0,
      "inputs": [
        {
          "name": "diffusion_engine",
          "type": "MODEL",
          "link": 1
        },
        {
          "name": "embeds",
          "type": "CONDITIONING",
          "link": 2
        },
        {
          "name": "latents",
          "type": "LATENT",
          "link": 5
        },
        {
          "name": "controlnet_params",
          "type": "CONTROLNET_PARAMS",
          "link": 4
        }
      ],
      "outputs": [
        {
          "name": "image",
          "type": "IMAGE",
          "links": [6],
          "shape": 3,
          "slot_index": 0
        }
      ],
      "properties": {},
      "widgets_values": [1, 0.5, 0.2, 0.15, 0, 0, 1, 0, false, false, null, false]
    },
    {
      "id": 7,
      "type": "SaveImage",
      "pos": [1300, 100],
      "size": [320, 270],
      "flags": {},
      "order": 6,
      "mode": 0,
      "inputs": [
        {
          "name": "images",
          "type": "IMAGE",
          "link": 6
        }
      ],
      "properties": {},
      "widgets_values": ["controlnet_test"]
    }
  ],
  "links": [
    [1, 1, 0, 6, 0, "MODEL"],
    [2, 2, 0, 6, 1, "CONDITIONING"],
    [3, 5, 0, 3, 0, "IMAGE"],
    [4, 3, 0, 6, 14, "CONTROLNET_PARAMS"],
    [5, 4, 0, 6, 2, "LATENT"],
    [6, 6, 0, 7, 0, "IMAGE"]
  ],
  "groups": [],
  "config": {},
  "extra": {},
  "version": 0.4
}
