{
  "last_node_id": 52,
  "last_link_id": 92,
  "nodes": [
    {
      "id": 40,
      "type": "LR RenderWindow",
      "pos": [
        1710.8872235273425,
        -8.004016149383006
      ],
      "size": {
        "0": 315,
        "1": 130
      },
      "flags": {},
      "order": 6,
      "mode": 0,
      "inputs": [
        {
          "name": "image",
          "type": "IMAGE",
          "link": 74
        }
      ],
      "properties": {
        "Node name for S&R": "LR RenderWindow"
      },
      "widgets_values": [
        576,
        1024,
        "lunar_render_window",
        false
      ]
    },
    {
      "id": 47,
      "type": "LR GPT4Vision",
      "pos": [
        1631,
        -312
      ],
      "size": [
        315,
        106
      ],
      "flags": {},
      "order": 7,
      "mode": 0,
      "inputs": [
        {
          "name": "image",
          "type": "IMAGE",
          "link": 80
        },
        {
          "name": "do_run",
          "type": "BOOLEAN",
          "link": null,
          "widget": {
            "name": "do_run"
          },
          "slot_index": 1
        }
      ],
      "outputs": [
        {
          "name": "description",
          "type": "STRING",
          "links": [],
          "shape": 3,
          "slot_index": 0
        }
      ],
      "properties": {
        "Node name for S&R": "LR GPT4Vision"
      },
      "widgets_values": [
        false,
        "what is missing in this image?",
        5
      ]
    },
    {
      "id": 11,
      "type": "LR DiffusionEngineLoader",
      "pos": [
        224,
        -356
      ],
      "size": {
        "0": 315,
        "1": 154
      },
      "flags": {},
      "order": 0,
      "mode": 0,
      "outputs": [
        {
          "name": "diffusion_engine",
          "type": "MODEL",
          "links": [
            10,
            20,
            85,
            86,
            87
          ],
          "shape": 3,
          "slot_index": 0
        }
      ],
      "properties": {
        "Node name for S&R": "LR DiffusionEngineLoader"
      },
      "widgets_values": [
        512,
        512,
        false,
        false,
        false
      ]
    },
    {
      "id": 51,
      "type": "LR EncodePrompt",
      "pos": [
        398,
        185
      ],
      "size": {
        "0": 315,
        "1": 58
      },
      "flags": {},
      "order": 3,
      "mode": 0,
      "inputs": [
        {
          "name": "diffusion_engine",
          "type": "MODEL",
          "link": 86
        }
      ],
      "outputs": [
        {
          "name": "embeds",
          "type": "CONDITIONING",
          "links": [
            91
          ],
          "shape": 3,
          "slot_index": 0
        }
      ],
      "properties": {
        "Node name for S&R": "LR EncodePrompt"
      },
      "widgets_values": [
        "clean"
      ]
    },
    {
      "id": 50,
      "type": "LR EncodePrompt",
      "pos": [
        401,
        91
      ],
      "size": {
        "0": 315,
        "1": 58
      },
      "flags": {},
      "order": 2,
      "mode": 0,
      "inputs": [
        {
          "name": "diffusion_engine",
          "type": "MODEL",
          "link": 85
        }
      ],
      "outputs": [
        {
          "name": "embeds",
          "type": "CONDITIONING",
          "links": [
            92
          ],
          "shape": 3,
          "slot_index": 0
        }
      ],
      "properties": {
        "Node name for S&R": "LR EncodePrompt"
      },
      "widgets_values": [
        "dirty"
      ]
    },
    {
      "id": 52,
      "type": "LR LRBlend2Embeds",
      "pos": [
        748,
        72
      ],
      "size": {
        "0": 315,
        "1": 98
      },
      "flags": {},
      "order": 4,
      "mode": 0,
      "inputs": [
        {
          "name": "diffusion_engine",
          "type": "MODEL",
          "link": 87
        },
        {
          "name": "embeds1",
          "type": "CONDITIONING",
          "link": 92
        },
        {
          "name": "embeds2",
          "type": "CONDITIONING",
          "link": 91
        }
      ],
      "outputs": [
        {
          "name": "embeds",
          "type": "CONDITIONING",
          "links": [
            90
          ],
          "shape": 3,
          "slot_index": 0
        }
      ],
      "properties": {
        "Node name for S&R": "LR LRBlend2Embeds"
      },
      "widgets_values": [
        1
      ]
    },
    {
      "id": 12,
      "type": "LR DiffusionEngineAcid",
      "pos": [
        1124,
        -216
      ],
      "size": {
        "0": 367.79998779296875,
        "1": 398
      },
      "flags": {},
      "order": 5,
      "mode": 0,
      "inputs": [
        {
          "name": "diffusion_engine",
          "type": "MODEL",
          "link": 10
        },
        {
          "name": "embeds",
          "type": "CONDITIONING",
          "link": 60
        },
        {
          "name": "input_image",
          "type": "IMAGE",
          "link": null
        },
        {
          "name": "latents",
          "type": "LATENTS",
          "link": null
        },
        {
          "name": "decoder_embeds",
          "type": "CONDITIONING",
          "link": 90
        },
        {
          "name": "human_segmentation_mask",
          "type": "IMAGE",
          "link": null
        }
      ],
      "outputs": [
        {
          "name": "image",
          "type": "IMAGE",
          "links": [
            74,
            80
          ],
          "shape": 3,
          "slot_index": 0
        }
      ],
      "properties": {
        "Node name for S&R": "LR DiffusionEngineAcid"
      },
      "widgets_values": [
        2,
        0.93,
        0.01,
        0.47000000000000003,
        0,
        0,
        1.1,
        0,
        false,
        false,
        false
      ]
    },
    {
      "id": 15,
      "type": "LR EncodePrompt",
      "pos": [
        714,
        -167
      ],
      "size": [
        315,
        58
      ],
      "flags": {},
      "order": 1,
      "mode": 0,
      "inputs": [
        {
          "name": "diffusion_engine",
          "type": "MODEL",
          "link": 20
        }
      ],
      "outputs": [
        {
          "name": "embeds",
          "type": "CONDITIONING",
          "links": [
            60
          ],
          "shape": 3,
          "slot_index": 0
        }
      ],
      "properties": {
        "Node name for S&R": "LR EncodePrompt"
      },
      "widgets_values": [
        "photo of a room"
      ]
    }
  ],
  "links": [
    [
      10,
      11,
      0,
      12,
      0,
      "MODEL"
    ],
    [
      20,
      11,
      0,
      15,
      0,
      "MODEL"
    ],
    [
      60,
      15,
      0,
      12,
      1,
      "CONDITIONING"
    ],
    [
      74,
      12,
      0,
      40,
      0,
      "IMAGE"
    ],
    [
      80,
      12,
      0,
      47,
      0,
      "IMAGE"
    ],
    [
      85,
      11,
      0,
      50,
      0,
      "MODEL"
    ],
    [
      86,
      11,
      0,
      51,
      0,
      "MODEL"
    ],
    [
      87,
      11,
      0,
      52,
      0,
      "MODEL"
    ],
    [
      90,
      52,
      0,
      12,
      4,
      "CONDITIONING"
    ],
    [
      91,
      51,
      0,
      52,
      2,
      "CONDITIONING"
    ],
    [
      92,
      50,
      0,
      52,
      1,
      "CONDITIONING"
    ]
  ],
  "groups": [],
  "config": {},
  "extra": {
    "ds": {
      "scale": 0.6209213230591556,
      "offset": {
        "0": 241.8561514726561,
        "1": 454.92054114938253
      }
    }
  },
  "version": 0.4
}