{
  "last_node_id": 34,
  "last_link_id": 69,
  "nodes": [
    {
      "id": 14,
      "type": "LR RenderWindow",
      "pos": [
        1570,
        114
      ],
      "size": {
        "0": 315,
        "1": 130
      },
      "flags": {},
      "order": 5,
      "mode": 0,
      "inputs": [
        {
          "name": "image",
          "type": "IMAGE",
          "link": 67
        }
      ],
      "properties": {
        "Node name for S&R": "LR RenderWindow"
      },
      "widgets_values": [
        1024,
        2048,
        "lunar_render_window",
        false
      ]
    },
    {
      "id": 11,
      "type": "LR DiffusionEngineLoader",
      "pos": [
        136,
        -119
      ],
      "size": {
        "0": 315,
        "1": 154
      },
      "flags": {},
      "order": 0,
      "mode": 0,
      "outputs": [
        {
          "name": "diffusion_engine",
          "type": "MODEL",
          "links": [
            10,
            20
          ],
          "shape": 3,
          "slot_index": 0
        }
      ],
      "properties": {
        "Node name for S&R": "LR DiffusionEngineLoader"
      },
      "widgets_values": [
        512,
        768,
        false,
        true,
        false
      ]
    },
    {
      "id": 33,
      "type": "WebcamCapture",
      "pos": [
        24,
        206
      ],
      "size": {
        "0": 354.7307434082031,
        "1": 533.0101928710938
      },
      "flags": {},
      "order": 1,
      "mode": 0,
      "outputs": [
        {
          "name": "IMAGE",
          "type": "IMAGE",
          "links": [
            68
          ],
          "shape": 3,
          "slot_index": 0
        }
      ],
      "properties": {
        "Node name for S&R": "WebcamCapture"
      },
      "widgets_values": [
        null,
        640,
        480,
        true,
        "capture"
      ]
    },
    {
      "id": 15,
      "type": "LR EncodePrompt",
      "pos": [
        553,
        38
      ],
      "size": {
        "0": 315,
        "1": 58
      },
      "flags": {},
      "order": 2,
      "mode": 0,
      "inputs": [
        {
          "name": "diffusion_engine",
          "type": "MODEL",
          "link": 20
        }
      ],
      "outputs": [
        {
          "name": "embeds",
          "type": "CONDITIONING",
          "links": [
            60
          ],
          "shape": 3,
          "slot_index": 0
        }
      ],
      "properties": {
        "Node name for S&R": "LR EncodePrompt"
      },
      "widgets_values": [
        "photo of a monkey"
      ]
    },
    {
      "id": 12,
      "type": "LR DiffusionEngineAcid",
      "pos": [
        1106,
        28
      ],
      "size": {
        "0": 367.79998779296875,
        "1": 398
      },
      "flags": {},
      "order": 4,
      "mode": 0,
      "inputs": [
        {
          "name": "diffusion_engine",
          "type": "MODEL",
          "link": 10
        },
        {
          "name": "embeds",
          "type": "CONDITIONING",
          "link": 60
        },
        {
          "name": "input_image",
          "type": "IMAGE",
          "link": 69
        },
        {
          "name": "latents",
          "type": "LATENTS",
          "link": null
        },
        {
          "name": "decoder_embeds",
          "type": "CONDITIONING",
          "link": null
        },
        {
          "name": "human_segmentation_mask",
          "type": "IMAGE",
          "link": null
        }
      ],
      "outputs": [
        {
          "name": "image",
          "type": "IMAGE",
          "links": [
            67
          ],
          "shape": 3,
          "slot_index": 0
        }
      ],
      "properties": {
        "Node name for S&R": "LR DiffusionEngineAcid"
      },
      "widgets_values": [
        2,
        0.12,
        0.01,
        0.5,
        0,
        0,
        1,
        0,
        false,
        false,
        false
      ]
    },
    {
      "id": 34,
      "type": "LR InputImageProcessor",
      "pos": [
        546,
        194
      ],
      "size": {
        "0": 367.79998779296875,
        "1": 270
      },
      "flags": {},
      "order": 3,
      "mode": 0,
      "inputs": [
        {
          "name": "image",
          "type": "IMAGE",
          "link": 68
        }
      ],
      "outputs": [
        {
          "name": "processed image",
          "type": "IMAGE",
          "links": [
            69
          ],
          "shape": 3,
          "slot_index": 0
        },
        {
          "name": "human segmentation mask",
          "type": "IMAGE",
          "links": null,
          "shape": 3
        }
      ],
      "properties": {
        "Node name for S&R": "LR InputImageProcessor"
      },
      "widgets_values": [
        1,
        1,
        0,
        3,
        false,
        false,
        false,
        1,
        0.4
      ]
    }
  ],
  "links": [
    [
      10,
      11,
      0,
      12,
      0,
      "MODEL"
    ],
    [
      20,
      11,
      0,
      15,
      0,
      "MODEL"
    ],
    [
      60,
      15,
      0,
      12,
      1,
      "CONDITIONING"
    ],
    [
      67,
      12,
      0,
      14,
      0,
      "IMAGE"
    ],
    [
      68,
      33,
      0,
      34,
      0,
      "IMAGE"
    ],
    [
      69,
      34,
      0,
      12,
      2,
      "IMAGE"
    ]
  ],
  "groups": [],
  "config": {},
  "extra": {
    "ds": {
      "scale": 0.6209213230591556,
      "offset": {
        "0": 430.285821472656,
        "1": 177.1075661493827
      }
    }
  },
  "version": 0.4
}