{
  "last_node_id": 45,
  "last_link_id": 78,
  "nodes": [
    {
      "id": 11,
      "type": "LR DiffusionEngineLoader",
      "pos": [
        136,
        -119
      ],
      "size": {
        "0": 315,
        "1": 154
      },
      "flags": {},
      "order": 0,
      "mode": 0,
      "outputs": [
        {
          "name": "diffusion_engine",
          "type": "MODEL",
          "links": [
            10,
            20
          ],
          "shape": 3,
          "slot_index": 0
        }
      ],
      "properties": {
        "Node name for S&R": "LR DiffusionEngineLoader"
      },
      "widgets_values": [
        512,
        768,
        false,
        true,
        false
      ]
    },
    {
      "id": 40,
      "type": "LR RenderWindow",
      "pos": [
        1710.8872235273425,
        -8.004016149383006
      ],
      "size": {
        "0": 315,
        "1": 130
      },
      "flags": {},
      "order": 6,
      "mode": 0,
      "inputs": [
        {
          "name": "image",
          "type": "IMAGE",
          "link": 74
        }
      ],
      "properties": {
        "Node name for S&R": "LR RenderWindow"
      },
      "widgets_values": [
        576,
        1024,
        "lunar_render_window",
        false
      ]
    },
    {
      "id": 45,
      "type": "WebcamCapture",
      "pos": [
        577,
        -358
      ],
      "size": {
        "0": 210,
        "1": 392
      },
      "flags": {},
      "order": 1,
      "mode": 0,
      "outputs": [
        {
          "name": "IMAGE",
          "type": "IMAGE",
          "links": [
            77
          ],
          "shape": 3,
          "slot_index": 0
        }
      ],
      "properties": {
        "Node name for S&R": "WebcamCapture"
      },
      "widgets_values": [
        null,
        640,
        480,
        true,
        "capture"
      ]
    },
    {
      "id": 12,
      "type": "LR DiffusionEngineAcid",
      "pos": [
        1089,
        -200
      ],
      "size": {
        "0": 367.79998779296875,
        "1": 398
      },
      "flags": {},
      "order": 5,
      "mode": 0,
      "inputs": [
        {
          "name": "diffusion_engine",
          "type": "MODEL",
          "link": 10
        },
        {
          "name": "embeds",
          "type": "CONDITIONING",
          "link": 60
        },
        {
          "name": "input_image",
          "type": "IMAGE",
          "link": 77
        },
        {
          "name": "latents",
          "type": "LATENTS",
          "link": null
        },
        {
          "name": "decoder_embeds",
          "type": "CONDITIONING",
          "link": null
        },
        {
          "name": "human_segmentation_mask",
          "type": "IMAGE",
          "link": null
        }
      ],
      "outputs": [
        {
          "name": "image",
          "type": "IMAGE",
          "links": [
            74
          ],
          "shape": 3,
          "slot_index": 0
        }
      ],
      "properties": {
        "Node name for S&R": "LR DiffusionEngineAcid"
      },
      "widgets_values": [
        2,
        0.93,
        0.01,
        0.47000000000000003,
        0,
        0,
        1.1,
        0,
        false,
        false,
        false
      ]
    },
    {
      "id": 15,
      "type": "LR EncodePrompt",
      "pos": [
        721,
        86
      ],
      "size": {
        "0": 315,
        "1": 58
      },
      "flags": {},
      "order": 4,
      "mode": 0,
      "inputs": [
        {
          "name": "diffusion_engine",
          "type": "MODEL",
          "link": 20
        },
        {
          "name": "prompt",
          "type": "STRING",
          "link": 78,
          "widget": {
            "name": "prompt"
          }
        }
      ],
      "outputs": [
        {
          "name": "embeds",
          "type": "CONDITIONING",
          "links": [
            60
          ],
          "shape": 3,
          "slot_index": 0
        }
      ],
      "properties": {
        "Node name for S&R": "LR EncodePrompt"
      },
      "widgets_values": [
        "photo of a galaxy"
      ]
    },
    {
      "id": 38,
      "type": "LR JsonPromptScheduler",
      "pos": [
        274,
        135
      ],
      "size": {
        "0": 393,
        "1": 82
      },
      "flags": {},
      "order": 3,
      "mode": 0,
      "inputs": [
        {
          "name": "json_prompt_data",
          "type": "DICT",
          "link": 72
        }
      ],
      "outputs": [
        {
          "name": "Current Prompt",
          "type": "STRING",
          "links": [
            78
          ],
          "shape": 3,
          "slot_index": 0
        }
      ],
      "properties": {
        "Node name for S&R": "LR JsonPromptScheduler"
      },
      "widgets_values": [
        1,
        false
      ]
    },
    {
      "id": 37,
      "type": "LR MultiPrompt",
      "pos": [
        -186,
        178
      ],
      "size": {
        "0": 400,
        "1": 200
      },
      "flags": {},
      "order": 2,
      "mode": 0,
      "outputs": [
        {
          "name": "json_prompt_data",
          "type": "DICT",
          "links": [
            72
          ],
          "shape": 3,
          "slot_index": 0
        }
      ],
      "properties": {
        "Node name for S&R": "LR MultiPrompt"
      },
      "widgets_values": [
        "underwater worlds\nstrange creatures\nphoto of a galaxy\nphoto of a microscopy cells fluorescent\n"
      ]
    }
  ],
  "links": [
    [
      10,
      11,
      0,
      12,
      0,
      "MODEL"
    ],
    [
      20,
      11,
      0,
      15,
      0,
      "MODEL"
    ],
    [
      60,
      15,
      0,
      12,
      1,
      "CONDITIONING"
    ],
    [
      72,
      37,
      0,
      38,
      0,
      "DICT"
    ],
    [
      74,
      12,
      0,
      40,
      0,
      "IMAGE"
    ],
    [
      77,
      45,
      0,
      12,
      2,
      "IMAGE"
    ],
    [
      78,
      38,
      0,
      15,
      1,
      "STRING"
    ]
  ],
  "groups": [],
  "config": {},
  "extra": {
    "ds": {
      "scale": 0.5131581182307067,
      "offset": [
        617.9620385500002,
        610.6478669500003
      ]
    }
  },
  "version": 0.4
}